{
	"alumnos": [
		{
			"ID_ALUMNO": "20150349",
			"NOMBRE": "ABAN CALLE, Claudia Nicole",
			"ID_SALON": "2017059",
			"ID_GENERO": "F"
		},
		{
			"ID_ALUMNO": "20150001",
			"NOMBRE": "ABANTO NIÑO, Ayeska",
			"ID_SALON": "2017077",
			"ID_GENERO": "F"
		},
		{
			"ID_ALUMNO": "20150002",
			"NOMBRE": "ABANTO NIÑO, Braulio Jose",
			"ID_SALON": "2017008",
			"ID_GENERO": "M"
		},
		{
			"ID_ALUMNO": "20170301",
			"NOMBRE": "ABANTO PRINCIPE, Gianfranco José",
			"ID_SALON": "2017012",
			"ID_GENERO": "M"
		},
		{
			"ID_ALUMNO": "20150435",
			"NOMBRE": "ABANTO PRINCIPE, Xiomara Angelica",
			"ID_SALON": "2017035",
			"ID_GENERO": "F"
		},
		{
			"ID_ALUMNO": "20090174",
			"NOMBRE": "ABREGU CHAVARRY, Fernando Antonio",
			"ID_SALON": "2017047",
			"ID_GENERO": "M"
		},
		{
			"ID_ALUMNO": "20050136",
			"NOMBRE": "ABURTO VIVAR, Carlos Alexander",
			"ID_SALON": "2017075",
			"ID_GENERO": "M"
		},
		{
			"ID_ALUMNO": "20100077",
			"NOMBRE": "ABURTO VIVAR, Olenka Zizett",
			"ID_SALON": "2017043",
			"ID_GENERO": "F"
		},
		{
			"ID_ALUMNO": "20060197",
			"NOMBRE": "ACERO FIESTAS, Angello Nicolas",
			"ID_SALON": "2017071",
			"ID_GENERO": "M"
		},
		{
			"ID_ALUMNO": "20170171",
			"NOMBRE": "ACHA RUIZ, Joaquin Fernando",
			"ID_SALON": "2017013",
			"ID_GENERO": "M"
		},
		{
			"ID_ALUMNO": "20160168",
			"NOMBRE": "ACHA RUIZ, Marcelo Gabriel",
			"ID_SALON": "2017029",
			"ID_GENERO": "M"
		},
		{
			"ID_ALUMNO": "20150075",
			"NOMBRE": "ACOSTA PALMA, Franco Luciano",
			"ID_SALON": "2017026",
			"ID_GENERO": "M"
		},
		{
			"ID_ALUMNO": "20160270",
			"NOMBRE": "ACUÑA ALVAREZ, Mariajesus Ariana",
			"ID_SALON": "2017053",
			"ID_GENERO": "F"
		},
		{
			"ID_ALUMNO": "20070102",
			"NOMBRE": "ACUÑA MASIAS, Xiomara Patricia",
			"ID_SALON": "2017064",
			"ID_GENERO": "F"
		},
		{
			"ID_ALUMNO": "20090228",
			"NOMBRE": "ACUÑA SILVA, Nataly Mercedes",
			"ID_SALON": "2017054",
			"ID_GENERO": "F"
		},
		{
			"ID_ALUMNO": "20170001",
			"NOMBRE": "AGUAYO FRANCO, Luciana Del Pilar",
			"ID_SALON": "2017013",
			"ID_GENERO": "F"
		},
		{
			"ID_ALUMNO": "20130538",
			"NOMBRE": "AGUAYO FRANCO, Ricardo Nicolas",
			"ID_SALON": "2017035",
			"ID_GENERO": "M"
		},
		{
			"ID_ALUMNO": "20130574",
			"NOMBRE": "AGUAYO GUTIERREZ, Fabrizio Martin",
			"ID_SALON": "2017036",
			"ID_GENERO": "M"
		},
		{
			"ID_ALUMNO": "20150381",
			"NOMBRE": "AGUAYO NAVEROS, Tamira Alexandra",
			"ID_SALON": "2017014",
			"ID_GENERO": "F"
		},
		{
			"ID_ALUMNO": "20140001",
			"NOMBRE": "AGUERO ESPINOZA, Salvador Alonso",
			"ID_SALON": "2017030",
			"ID_GENERO": "M"
		},
		{
			"ID_ALUMNO": "20120232",
			"NOMBRE": "AGÜERO GONGORA, Jorge Alonso",
			"ID_SALON": "2017053",
			"ID_GENERO": "M"
		},
		{
			"ID_ALUMNO": "20170369",
			"NOMBRE": "AGUILAR ECHEVARRIA, Joaquin Raul",
			"ID_SALON": "2017029",
			"ID_GENERO": "M"
		},
		{
			"ID_ALUMNO": "20170370",
			"NOMBRE": "AGUILAR ECHEVARRIA, Mathias Angel",
			"ID_SALON": "2017030",
			"ID_GENERO": "M"
		},
		{
			"ID_ALUMNO": "20160021",
			"NOMBRE": "AGUILAR IBARRA, Arezia Astrid",
			"ID_SALON": "2017017",
			"ID_GENERO": "F"
		},
		{
			"ID_ALUMNO": "20041356",
			"NOMBRE": "AGUILAR LUIS, Joseph Jason Tommy",
			"ID_SALON": "2017070",
			"ID_GENERO": "M"
		},
		{
			"ID_ALUMNO": "20130022",
			"NOMBRE": "AGUILAR LUIS, Joshua Nicolas Willy",
			"ID_SALON": "2017032",
			"ID_GENERO": "M"
		},
		{
			"ID_ALUMNO": "20130089",
			"NOMBRE": "AGUILAR MEDINA, Liliana Gianella",
			"ID_SALON": "2017071",
			"ID_GENERO": "F"
		},
		{
			"ID_ALUMNO": "20070448",
			"NOMBRE": "AGUILAR SALAS, Jhoseline Ximena",
			"ID_SALON": "2017073",
			"ID_GENERO": "F"
		},
		{
			"ID_ALUMNO": "20110708",
			"NOMBRE": "AGUILAR SANDOVAL, Diego Imanol",
			"ID_SALON": "2017032",
			"ID_GENERO": "M"
		},
		{
			"ID_ALUMNO": "20100304",
			"NOMBRE": "AGUILAR SANDOVAL, Sebastian Alexander",
			"ID_SALON": "2017073",
			"ID_GENERO": "M"
		},
		{
			"ID_ALUMNO": "20110722",
			"NOMBRE": "AGUINAGA ARAYA, Ronald Francisco",
			"ID_SALON": "2017048",
			"ID_GENERO": "M"
		},
		{
			"ID_ALUMNO": "20070387",
			"NOMBRE": "AGUINAGA CORONEL, Karen Brigitte",
			"ID_SALON": "2017080",
			"ID_GENERO": "F"
		},
		{
			"ID_ALUMNO": "20170002",
			"NOMBRE": "AHUMADA HUAMAN, Keyla",
			"ID_SALON": "2017015",
			"ID_GENERO": "F"
		},
		{
			"ID_ALUMNO": "20140258",
			"NOMBRE": "AHUMADA NAVEROS, Leeny Michaell",
			"ID_SALON": "2017049",
			"ID_GENERO": "M"
		},
		{
			"ID_ALUMNO": "20150382",
			"NOMBRE": "AHUMADA NAVEROS, Renzo Antonio",
			"ID_SALON": "2017024",
			"ID_GENERO": "M"
		},
		{
			"ID_ALUMNO": "20140019",
			"NOMBRE": "AINY HUAYAPA, Favio Daniel",
			"ID_SALON": "2017033",
			"ID_GENERO": "M"
		},
		{
			"ID_ALUMNO": "20160164",
			"NOMBRE": "AINY HUAYAPA, Sebastian",
			"ID_SALON": "2017017",
			"ID_GENERO": "M"
		},
		{
			"ID_ALUMNO": "20170284",
			"NOMBRE": "AJALCRIÑA SANCHEZ, Bruno Jose",
			"ID_SALON": "2017018",
			"ID_GENERO": "M"
		},
		{
			"ID_ALUMNO": "20100246",
			"NOMBRE": "ALARCON CORNEJO, Camila Yadhira",
			"ID_SALON": "2017036",
			"ID_GENERO": "F"
		},
		{
			"ID_ALUMNO": "20160088",
			"NOMBRE": "ALARCON MONCADA, Mía Valeria",
			"ID_SALON": "2017007",
			"ID_GENERO": "F"
		},
		{
			"ID_ALUMNO": "20160225",
			"NOMBRE": "ALARCON ODAR, Chris Adrian",
			"ID_SALON": "2017025",
			"ID_GENERO": "M"
		},
		{
			"ID_ALUMNO": "20120423",
			"NOMBRE": "ALARCON REGALADO, Diego Francisco",
			"ID_SALON": "2017054",
			"ID_GENERO": "M"
		},
		{
			"ID_ALUMNO": "20140039",
			"NOMBRE": "ALARCON RODRIGUEZ, Yael",
			"ID_SALON": "2017019",
			"ID_GENERO": "M"
		},
		{
			"ID_ALUMNO": "20140040",
			"NOMBRE": "ALARCON RODRIGUEZ, Yago",
			"ID_SALON": "2017017",
			"ID_GENERO": "M"
		},
		{
			"ID_ALUMNO": "20140246",
			"NOMBRE": "ALAYO JIMENEZ, Angie Mercedes",
			"ID_SALON": "2017066",
			"ID_GENERO": "F"
		},
		{
			"ID_ALUMNO": "20080150",
			"NOMBRE": "ALAYZA PERLA, Carmen Nicole",
			"ID_SALON": "2017060",
			"ID_GENERO": "F"
		},
		{
			"ID_ALUMNO": "20170283",
			"NOMBRE": "ALAYZA PERLA, Fabiano Adrian",
			"ID_SALON": "2017004",
			"ID_GENERO": "M"
		},
		{
			"ID_ALUMNO": "20150076",
			"NOMBRE": "ALBAN ENZIAN, Blanca Fabiana",
			"ID_SALON": "2017023",
			"ID_GENERO": "F"
		},
		{
			"ID_ALUMNO": "20070630",
			"NOMBRE": "ALBURQUEQUE PEÑA, Saskia Rocio",
			"ID_SALON": "2017055",
			"ID_GENERO": "F"
		},
		{
			"ID_ALUMNO": "20170168",
			"NOMBRE": "ALCANTARA UCAÑAY, Adriana Celeste",
			"ID_SALON": "2017016",
			"ID_GENERO": "F"
		},
		{
			"ID_ALUMNO": "20070449",
			"NOMBRE": "ALDAVE ALVAREZ, Gustavo Fabrizio",
			"ID_SALON": "2017074",
			"ID_GENERO": "M"
		},
		{
			"ID_ALUMNO": "20170172",
			"NOMBRE": "ALDAVE ARRIVASPLATA, Tani Mayté",
			"ID_SALON": "2017005",
			"ID_GENERO": "F"
		},
		{
			"ID_ALUMNO": "20160394",
			"NOMBRE": "ALEGRE ALEGRE, Jesus Mauricio Roque",
			"ID_SALON": "2017075",
			"ID_GENERO": "M"
		},
		{
			"ID_ALUMNO": "20150077",
			"NOMBRE": "ALEGRE BENITES, Mario Lucas",
			"ID_SALON": "2017025",
			"ID_GENERO": "M"
		},
		{
			"ID_ALUMNO": "20120102",
			"NOMBRE": "ALEGRE PEREZ, Paula Valentina",
			"ID_SALON": "2017037",
			"ID_GENERO": "F"
		},
		{
			"ID_ALUMNO": "20170003",
			"NOMBRE": "ALEGRE REYES, Jesus Manuel",
			"ID_SALON": "2017014",
			"ID_GENERO": "M"
		},
		{
			"ID_ALUMNO": "20160290",
			"NOMBRE": "ALEGRE SANTIVAÑEZ, Leonel Italo",
			"ID_SALON": "2017037",
			"ID_GENERO": "M"
		},
		{
			"ID_ALUMNO": "20100236",
			"NOMBRE": "ALEGRE SEDANO, Sebastian",
			"ID_SALON": "2017059",
			"ID_GENERO": "M"
		},
		{
			"ID_ALUMNO": "20120181",
			"NOMBRE": "ALEGRIA ALVARADO, Fabiana",
			"ID_SALON": "2017024",
			"ID_GENERO": "F"
		},
		{
			"ID_ALUMNO": "20070587",
			"NOMBRE": "ALEGRIA URBINA, Favio Jesus",
			"ID_SALON": "2017064",
			"ID_GENERO": "M"
		},
		{
			"ID_ALUMNO": "20150328",
			"NOMBRE": "ALEJOS ARANDA, Arlim Farid",
			"ID_SALON": "2017041",
			"ID_GENERO": "M"
		},
		{
			"ID_ALUMNO": "20090391",
			"NOMBRE": "ALEJOS RAMIREZ, Camila Azucena",
			"ID_SALON": "2017056",
			"ID_GENERO": "F"
		},
		{
			"ID_ALUMNO": "20140334",
			"NOMBRE": "ALEMAN ACASIETE, Alvaro Antonio",
			"ID_SALON": "2017050",
			"ID_GENERO": "M"
		},
		{
			"ID_ALUMNO": "20130083",
			"NOMBRE": "ALFARO BOLAÑOS, Miriana Fiorella",
			"ID_SALON": "2017072",
			"ID_GENERO": "F"
		},
		{
			"ID_ALUMNO": "20130013",
			"NOMBRE": "ALFARO BOLAÑOS, Renzo Valerio",
			"ID_SALON": "2017051",
			"ID_GENERO": "M"
		},
		{
			"ID_ALUMNO": "20160127",
			"NOMBRE": "ALFARO CANDIA, Ian Nicolas",
			"ID_SALON": "2017005",
			"ID_GENERO": "M"
		},
		{
			"ID_ALUMNO": "20070635",
			"NOMBRE": "ALFARO GUERRERO, Cristhian Fred",
			"ID_SALON": "2017065",
			"ID_GENERO": "M"
		},
		{
			"ID_ALUMNO": "20160245",
			"NOMBRE": "ALFARO SALAZAR, Facundo Ismael",
			"ID_SALON": "2017042",
			"ID_GENERO": "M"
		},
		{
			"ID_ALUMNO": "20160346",
			"NOMBRE": "ALIAGA AGUILAR, Carlos Martin",
			"ID_SALON": "2017021",
			"ID_GENERO": "M"
		},
		{
			"ID_ALUMNO": "20150182",
			"NOMBRE": "ALIAGA DÍAZ, Lady Milena",
			"ID_SALON": "2017023",
			"ID_GENERO": "F"
		},
		{
			"ID_ALUMNO": "20160128",
			"NOMBRE": "ALIAGA MENDEZ, Fatima Fabiana",
			"ID_SALON": "2017006",
			"ID_GENERO": "F"
		},
		{
			"ID_ALUMNO": "20170305",
			"NOMBRE": "ALIAGA OYOLA, Sayummi Yamila",
			"ID_SALON": "2017020",
			"ID_GENERO": "F"
		},
		{
			"ID_ALUMNO": "20170309",
			"NOMBRE": "ALIAGA OYOLA, Yhelenna Abigail",
			"ID_SALON": "2017018",
			"ID_GENERO": "F"
		},
		{
			"ID_ALUMNO": "20110393",
			"NOMBRE": "ALIAGA SAENZ, Arianna",
			"ID_SALON": "2017047",
			"ID_GENERO": "F"
		},
		{
			"ID_ALUMNO": "20120172",
			"NOMBRE": "ALIAGA VERONA, Alessandra Mikaela",
			"ID_SALON": "2017026",
			"ID_GENERO": "F"
		},
		{
			"ID_ALUMNO": "20160165",
			"NOMBRE": "ALLCCARIMA CANASA, Emir",
			"ID_SALON": "2017015",
			"ID_GENERO": "M"
		},
		{
			"ID_ALUMNO": "20130547",
			"NOMBRE": "ALMANDOZ PIMENTEL, Stefanno Valentino",
			"ID_SALON": "2017038",
			"ID_GENERO": "M"
		},
		{
			"ID_ALUMNO": "20120308",
			"NOMBRE": "ALMONACID MENDIZABAL, Camila Gabriela",
			"ID_SALON": "2017041",
			"ID_GENERO": "F"
		},
		{
			"ID_ALUMNO": "20170297",
			"NOMBRE": "ALTA TRUJILLO, Anderson Enrique",
			"ID_SALON": "2017005",
			"ID_GENERO": "M"
		},
		{
			"ID_ALUMNO": "20170298",
			"NOMBRE": "ALTA TRUJILLO, Xiomara Sophia",
			"ID_SALON": "2017077",
			"ID_GENERO": "F"
		},
		{
			"ID_ALUMNO": "20170219",
			"NOMBRE": "ALTAMIRANO CALDERON, Karla Marife Julia",
			"ID_SALON": "2017061",
			"ID_GENERO": "F"
		},
		{
			"ID_ALUMNO": "20120081",
			"NOMBRE": "ALTAMIRANO COSSIO, David Ricardo",
			"ID_SALON": "2017043",
			"ID_GENERO": "M"
		},
		{
			"ID_ALUMNO": "20170353",
			"NOMBRE": "ALVA CANSECO, Sebastian Frank",
			"ID_SALON": "2017052",
			"ID_GENERO": "M"
		},
		{
			"ID_ALUMNO": "20120051",
			"NOMBRE": "ALVA GUTIERREZ, Jose Martin",
			"ID_SALON": "2017081",
			"ID_GENERO": "M"
		},
		{
			"ID_ALUMNO": "20170064",
			"NOMBRE": "ALVA LLACZA, Rodrigo Edgar",
			"ID_SALON": "2017001",
			"ID_GENERO": "M"
		},
		{
			"ID_ALUMNO": "20150133",
			"NOMBRE": "ALVA MEDINA, Luis Camilo Valentino",
			"ID_SALON": "2017025",
			"ID_GENERO": "M"
		},
		{
			"ID_ALUMNO": "20070165",
			"NOMBRE": "ALVA REYES, Adriana Lucero",
			"ID_SALON": "2017073",
			"ID_GENERO": "F"
		},
		{
			"ID_ALUMNO": "20130179",
			"NOMBRE": "ALVA REYES, Claudia Ximena",
			"ID_SALON": "2017053",
			"ID_GENERO": "F"
		},
		{
			"ID_ALUMNO": "20150132",
			"NOMBRE": "ALVA ROBLES, Karen Silvana",
			"ID_SALON": "2017027",
			"ID_GENERO": "F"
		},
		{
			"ID_ALUMNO": "20080055",
			"NOMBRE": "ALVA RODRIGUEZ, Fabian Alberto",
			"ID_SALON": "2017066",
			"ID_GENERO": "M"
		},
		{
			"ID_ALUMNO": "20160304",
			"NOMBRE": "ALVA ROJAS, Dayana Nicole",
			"ID_SALON": "2017058",
			"ID_GENERO": "F"
		},
		{
			"ID_ALUMNO": "20150171",
			"NOMBRE": "ALVARADO FALCÓN, Mauricio José Facundo",
			"ID_SALON": "2017027",
			"ID_GENERO": "M"
		},
		{
			"ID_ALUMNO": "20060059",
			"NOMBRE": "ALVARADO HUAPAYA, Nicole Marie",
			"ID_SALON": "2017062",
			"ID_GENERO": "F"
		},
		{
			"ID_ALUMNO": "20140366",
			"NOMBRE": "ALVARADO NEIRA, Astrid Solange",
			"ID_SALON": "2017012",
			"ID_GENERO": "F"
		},
		{
			"ID_ALUMNO": "20100069",
			"NOMBRE": "ALVARADO NEIRA, Flavia Valeria",
			"ID_SALON": "2017038",
			"ID_GENERO": "F"
		},
		{
			"ID_ALUMNO": "20040197",
			"NOMBRE": "ALVARADO QUEZADA, Michael Alexander",
			"ID_SALON": "2017071",
			"ID_GENERO": "M"
		},
		{
			"ID_ALUMNO": "20140371",
			"NOMBRE": "ALVARADO TUESTA, Gabriela Alizzé",
			"ID_SALON": "2017029",
			"ID_GENERO": "F"
		},
		{
			"ID_ALUMNO": "20150410",
			"NOMBRE": "ALVARADO TUESTA, Mia Alessandra",
			"ID_SALON": "2017008",
			"ID_GENERO": "F"
		},
		{
			"ID_ALUMNO": "20150039",
			"NOMBRE": "ALVARES ROJAS, Ricardo Gabriel",
			"ID_SALON": "2017009",
			"ID_GENERO": "M"
		},
		{
			"ID_ALUMNO": "20150061",
			"NOMBRE": "ALVAREZ BRAVO, Luis Fernando",
			"ID_SALON": "2017010",
			"ID_GENERO": "M"
		}
	],
	"salones": [
		{
			"ID_SALON": "2017059",
			"DESC_SALON": "Secundaria Tercer Año \"A\"",
			"ID_NIVEL": "S",
			"GRADO": "3",
			"SECCION": "A"
		},
		{
			"ID_SALON": "2017077",
			"DESC_SALON": "Primaria Primer Grado \"F\"",
			"ID_NIVEL": "P",
			"GRADO": "1",
			"SECCION": "F"
		},
		{
			"ID_SALON": "2017008",
			"DESC_SALON": "Inicial 5 Años \"A\"",
			"ID_NIVEL": "I",
			"GRADO": "5",
			"SECCION": "A"
		},
		{
			"ID_SALON": "2017012",
			"DESC_SALON": "Primaria Primer Grado \"A\"",
			"ID_NIVEL": "P",
			"GRADO": "1",
			"SECCION": "A"
		},
		{
			"ID_SALON": "2017035",
			"DESC_SALON": "Primaria Quinto Grado \"A\"",
			"ID_NIVEL": "P",
			"GRADO": "5",
			"SECCION": "A"
		},
		{
			"ID_SALON": "2017047",
			"DESC_SALON": "Secundaria Primer Año \"A\"",
			"ID_NIVEL": "S",
			"GRADO": "1",
			"SECCION": "A"
		},
		{
			"ID_SALON": "2017075",
			"DESC_SALON": "Secundaria Quinto Año \"F\"",
			"ID_NIVEL": "S",
			"GRADO": "5",
			"SECCION": "F"
		},
		{
			"ID_SALON": "2017043",
			"DESC_SALON": "Primaria Sexto Grado \"C\"",
			"ID_NIVEL": "P",
			"GRADO": "6",
			"SECCION": "C"
		},
		{
			"ID_SALON": "2017071",
			"DESC_SALON": "Secundaria Quinto Año \"B\"",
			"ID_NIVEL": "S",
			"GRADO": "5",
			"SECCION": "B"
		},
		{
			"ID_SALON": "2017013",
			"DESC_SALON": "Primaria Primer Grado \"B\"",
			"ID_NIVEL": "P",
			"GRADO": "1",
			"SECCION": "B"
		},
		{
			"ID_SALON": "2017029",
			"DESC_SALON": "Primaria Cuarto Grado \"A\"",
			"ID_NIVEL": "P",
			"GRADO": "4",
			"SECCION": "A"
		},
		{
			"ID_SALON": "2017026",
			"DESC_SALON": "Primaria Tercer Grado \"D\"",
			"ID_NIVEL": "P",
			"GRADO": "3",
			"SECCION": "D"
		},
		{
			"ID_SALON": "2017053",
			"DESC_SALON": "Secundaria Segundo Año \"A\"",
			"ID_NIVEL": "S",
			"GRADO": "2",
			"SECCION": "A"
		},
		{
			"ID_SALON": "2017064",
			"DESC_SALON": "Secundaria Cuarto Año \"A\"",
			"ID_NIVEL": "S",
			"GRADO": "4",
			"SECCION": "A"
		},
		{
			"ID_SALON": "2017054",
			"DESC_SALON": "Secundaria Segundo Año \"B\"",
			"ID_NIVEL": "S",
			"GRADO": "2",
			"SECCION": "B"
		},
		{
			"ID_SALON": "2017036",
			"DESC_SALON": "Primaria Quinto Grado \"B\"",
			"ID_NIVEL": "P",
			"GRADO": "5",
			"SECCION": "B"
		},
		{
			"ID_SALON": "2017014",
			"DESC_SALON": "Primaria Primer Grado \"C\"",
			"ID_NIVEL": "P",
			"GRADO": "1",
			"SECCION": "C"
		},
		{
			"ID_SALON": "2017030",
			"DESC_SALON": "Primaria Cuarto Grado \"B\"",
			"ID_NIVEL": "P",
			"GRADO": "4",
			"SECCION": "B"
		},
		{
			"ID_SALON": "2017017",
			"DESC_SALON": "Primaria Segundo Grado \"A\"",
			"ID_NIVEL": "P",
			"GRADO": "2",
			"SECCION": "A"
		},
		{
			"ID_SALON": "2017070",
			"DESC_SALON": "Secundaria Quinto Año \"A\"",
			"ID_NIVEL": "S",
			"GRADO": "5",
			"SECCION": "A"
		},
		{
			"ID_SALON": "2017032",
			"DESC_SALON": "Primaria Cuarto Grado \"D\"",
			"ID_NIVEL": "P",
			"GRADO": "4",
			"SECCION": "D"
		},
		{
			"ID_SALON": "2017073",
			"DESC_SALON": "Secundaria Quinto Año \"D\"",
			"ID_NIVEL": "S",
			"GRADO": "5",
			"SECCION": "D"
		},
		{
			"ID_SALON": "2017048",
			"DESC_SALON": "Secundaria Primer Año \"B\"",
			"ID_NIVEL": "S",
			"GRADO": "1",
			"SECCION": "B"
		},
		{
			"ID_SALON": "2017080",
			"DESC_SALON": "Secundaria Cuarto Año \"F\"",
			"ID_NIVEL": "S",
			"GRADO": "4",
			"SECCION": "F"
		},
		{
			"ID_SALON": "2017015",
			"DESC_SALON": "Primaria Primer Grado \"D\"",
			"ID_NIVEL": "P",
			"GRADO": "1",
			"SECCION": "D"
		},
		{
			"ID_SALON": "2017049",
			"DESC_SALON": "Secundaria Primer Año \"C\"",
			"ID_NIVEL": "S",
			"GRADO": "1",
			"SECCION": "C"
		},
		{
			"ID_SALON": "2017024",
			"DESC_SALON": "Primaria Tercer Grado \"B\"",
			"ID_NIVEL": "P",
			"GRADO": "3",
			"SECCION": "B"
		},
		{
			"ID_SALON": "2017033",
			"DESC_SALON": "Primaria Cuarto Grado \"E\"",
			"ID_NIVEL": "P",
			"GRADO": "4",
			"SECCION": "E"
		},
		{
			"ID_SALON": "2017018",
			"DESC_SALON": "Primaria Segundo Grado \"B\"",
			"ID_NIVEL": "P",
			"GRADO": "2",
			"SECCION": "B"
		},
		{
			"ID_SALON": "2017007",
			"DESC_SALON": "Inicial 4 Años \"D\"",
			"ID_NIVEL": "I",
			"GRADO": "4",
			"SECCION": "D"
		},
		{
			"ID_SALON": "2017025",
			"DESC_SALON": "Primaria Tercer Grado \"C\"",
			"ID_NIVEL": "P",
			"GRADO": "3",
			"SECCION": "C"
		},
		{
			"ID_SALON": "2017019",
			"DESC_SALON": "Primaria Segundo Grado \"C\"",
			"ID_NIVEL": "P",
			"GRADO": "2",
			"SECCION": "C"
		},
		{
			"ID_SALON": "2017066",
			"DESC_SALON": "Secundaria Cuarto Año \"C\"",
			"ID_NIVEL": "S",
			"GRADO": "4",
			"SECCION": "C"
		},
		{
			"ID_SALON": "2017060",
			"DESC_SALON": "Secundaria Tercer Año \"B\"",
			"ID_NIVEL": "S",
			"GRADO": "3",
			"SECCION": "B"
		},
		{
			"ID_SALON": "2017004",
			"DESC_SALON": "Inicial 4 Años \"A\"",
			"ID_NIVEL": "I",
			"GRADO": "4",
			"SECCION": "A"
		},
		{
			"ID_SALON": "2017023",
			"DESC_SALON": "Primaria Tercer Grado \"A\"",
			"ID_NIVEL": "P",
			"GRADO": "3",
			"SECCION": "A"
		},
		{
			"ID_SALON": "2017055",
			"DESC_SALON": "Secundaria Segundo Año \"C\"",
			"ID_NIVEL": "S",
			"GRADO": "2",
			"SECCION": "C"
		},
		{
			"ID_SALON": "2017016",
			"DESC_SALON": "Primaria Primer Grado \"E\"",
			"ID_NIVEL": "P",
			"GRADO": "1",
			"SECCION": "E"
		},
		{
			"ID_SALON": "2017074",
			"DESC_SALON": "Secundaria Quinto Año \"E\"",
			"ID_NIVEL": "S",
			"GRADO": "5",
			"SECCION": "E"
		},
		{
			"ID_SALON": "2017005",
			"DESC_SALON": "Inicial 4 Años \"B\"",
			"ID_NIVEL": "I",
			"GRADO": "4",
			"SECCION": "B"
		},
		{
			"ID_SALON": "2017037",
			"DESC_SALON": "Primaria Quinto Grado \"C\"",
			"ID_NIVEL": "P",
			"GRADO": "5",
			"SECCION": "C"
		},
		{
			"ID_SALON": "2017041",
			"DESC_SALON": "Primaria Sexto Grado \"A\"",
			"ID_NIVEL": "P",
			"GRADO": "6",
			"SECCION": "A"
		},
		{
			"ID_SALON": "2017056",
			"DESC_SALON": "Secundaria Segundo Año \"D\"",
			"ID_NIVEL": "S",
			"GRADO": "2",
			"SECCION": "D"
		},
		{
			"ID_SALON": "2017050",
			"DESC_SALON": "Secundaria Primer Año \"D\"",
			"ID_NIVEL": "S",
			"GRADO": "1",
			"SECCION": "D"
		},
		{
			"ID_SALON": "2017072",
			"DESC_SALON": "Secundaria Quinto Año \"C\"",
			"ID_NIVEL": "S",
			"GRADO": "5",
			"SECCION": "C"
		},
		{
			"ID_SALON": "2017051",
			"DESC_SALON": "Secundaria Primer Año \"E\"",
			"ID_NIVEL": "S",
			"GRADO": "1",
			"SECCION": "E"
		},
		{
			"ID_SALON": "2017065",
			"DESC_SALON": "Secundaria Cuarto Año \"B\"",
			"ID_NIVEL": "S",
			"GRADO": "4",
			"SECCION": "B"
		},
		{
			"ID_SALON": "2017042",
			"DESC_SALON": "Primaria Sexto Grado \"B\"",
			"ID_NIVEL": "P",
			"GRADO": "6",
			"SECCION": "B"
		},
		{
			"ID_SALON": "2017021",
			"DESC_SALON": "Primaria Segundo Grado \"E\"",
			"ID_NIVEL": "P",
			"GRADO": "2",
			"SECCION": "E"
		},
		{
			"ID_SALON": "2017006",
			"DESC_SALON": "Inicial 4 Años \"C\"",
			"ID_NIVEL": "I",
			"GRADO": "4",
			"SECCION": "C"
		},
		{
			"ID_SALON": "2017020",
			"DESC_SALON": "Primaria Segundo Grado \"D\"",
			"ID_NIVEL": "P",
			"GRADO": "2",
			"SECCION": "D"
		},
		{
			"ID_SALON": "2017038",
			"DESC_SALON": "Primaria Quinto Grado \"D\"",
			"ID_NIVEL": "P",
			"GRADO": "5",
			"SECCION": "D"
		},
		{
			"ID_SALON": "2017061",
			"DESC_SALON": "Secundaria Tercer Año \"C\"",
			"ID_NIVEL": "S",
			"GRADO": "3",
			"SECCION": "C"
		},
		{
			"ID_SALON": "2017052",
			"DESC_SALON": "Secundaria Primer Año \"F\"",
			"ID_NIVEL": "S",
			"GRADO": "1",
			"SECCION": "F"
		},
		{
			"ID_SALON": "2017081",
			"DESC_SALON": "Primaria Cuarto Grado \"F\"",
			"ID_NIVEL": "P",
			"GRADO": "4",
			"SECCION": "F"
		},
		{
			"ID_SALON": "2017001",
			"DESC_SALON": "Inicial 3 Años \"A\"",
			"ID_NIVEL": "I",
			"GRADO": "3",
			"SECCION": "A"
		},
		{
			"ID_SALON": "2017027",
			"DESC_SALON": "Primaria Tercer Grado \"E\"",
			"ID_NIVEL": "P",
			"GRADO": "3",
			"SECCION": "E"
		},
		{
			"ID_SALON": "2017058",
			"DESC_SALON": "Secundaria Segundo Año \"F\"",
			"ID_NIVEL": "S",
			"GRADO": "2",
			"SECCION": "F"
		},
		{
			"ID_SALON": "2017062",
			"DESC_SALON": "Secundaria Tercer Año \"D\"",
			"ID_NIVEL": "S",
			"GRADO": "3",
			"SECCION": "D"
		},
		{
			"ID_SALON": "2017009",
			"DESC_SALON": "Inicial 5 Años \"B\"",
			"ID_NIVEL": "I",
			"GRADO": "5",
			"SECCION": "B"
		},
		{
			"ID_SALON": "2017010",
			"DESC_SALON": "Inicial 5 Años \"C\"",
			"ID_NIVEL": "I",
			"GRADO": "5",
			"SECCION": "C"
		}
	],
	"niveles": [
		{
			"ID_NIVEL": "I",
			"DESC_NIVEL": "Inicial"
		},
		{
			"ID_NIVEL": "P",
			"DESC_NIVEL": "Primaria"
		},
		{
			"ID_NIVEL": "S",
			"DESC_NIVEL": "Secundaria"
		}
	],
	"generos": [
		{
			"ID_GENERO": "M",
			"DESC_GENERO": "Masculino"
		},
		{
			"ID_GENERO": "F",
			"DESC_GENERO": "Femenino"
		}
	]
}